{"branches": 72.82608695652173, "coverage": 68.646288209607}